y,y_pred
0.012242231707678283,-0.0008316693
-0.0034199955719106286,-0.00086904527
-0.014756767170662943,-0.0008302065
0.009097595599052155,-0.00084008754
-0.0003873650136975862,-0.00086023833
-0.011414157882077797,-0.0008965119
0.006151858653192193,-0.00080068386
-0.05353692615287512,-0.0008550439
0.062469324652666317,-0.000711291
-0.039910206778692794,-0.00068962417
0.04554683934919476,-0.0006321788
-0.02155386816762852,-0.0006515156
-0.005820823942765364,-0.000535954
0.014570938532060082,-0.00048935506
0.00404827135960192,-0.00034072678
-0.01217503952306992,-0.0005213056
0.020425241553192926,-0.00030807208
-0.027583315100379795,-0.00045382703
0.018196265818414752,-0.0003458265
0.008746380564170788,-0.000544427
-0.005889844736310736,-0.0004708897
-0.018445113723638513,-0.00043073963
0.006076727990967181,-0.00045555714
0.009006187028640453,-0.0005420403
-0.023514083916518456,-0.0006920415
0.012165919481452143,-0.0006532165
0.005133875930623397,-0.0006283593
0.0019264795588403972,-0.0007351375
-0.008355839624978519,-0.00062075024
0.013682133975798118,-0.0006767618
0.01270035206394781,-0.0006848194
-0.017765543068982502,-0.0008104152
-0.003519882293132317,-0.00069511536
0.003724626346936908,-0.00076880504
-0.012596943299865312,-0.00085340196
0.020685898879047617,-0.00071675255
-0.00707059229276411,-0.0008167734
0.01129200426655204,-0.0007312874
-0.015468630037868478,-0.0008292214
0.010050438910548456,-0.00069899514
-0.008041569878317957,-0.00081689283
-0.014871674403868372,-0.0007107239
0.015746750508367355,-0.00070505345
0.0003363428479768659,-0.00064954604
0.0020828024998515715,-0.00072167703
-0.007974382910622673,-0.0006921907
-0.012887057086711243,-0.0006797759
0.015155648952622114,-0.0006904896
0.014284606948529982,-0.0007049042
-0.01990589718082976,-0.00073110824
0.01408330149263121,-0.00068699796
-0.0007470493503382494,-0.0007027256
-0.008500935627989622,-0.00082716165
-0.01041412085927321,-0.0007493146
0.011152831104835566,-0.00075220974
0.01439042778689105,-0.00078489346
-0.005390321876138578,-0.00077713275
-0.014801973748741126,-0.0007948333
-0.002527501500310003,-0.00076931255
0.004038728130979167,-0.00087012
-0.008831596222838424,-0.00079859444
0.01872123339343352,-0.0008425355
-0.010453252639925099,-0.0007577017
0.010537572888157013,-0.00086399994
-0.011678936133086107,-0.0008190123
0.013371258074236034,-0.00086495525
0.0019248509180595742,-0.00081889285
-0.012740932401893383,-0.0008074898
0.017919870795542414,-0.00070448645
-0.009428730895594534,-0.00070815725
0.02313778464118177,-0.00078017736
-0.029571473037382022,-0.00071684207
5.307737563501561e-05,-0.0006652427
0.00423187691419838,-0.0006960704
-0.00816284210695386,-0.0007148126
0.015395179148980614,-0.0006077404
-0.009474606467273416,-0.0006535149
-0.0017353424065154638,-0.00064900896
0.023504052592695845,-0.0007062771
-0.017833722933325254,-0.0006742848
0.04302228822641575,-0.00063766947
-0.04214393445465391,-0.000612634
-0.009107344767553514,-0.0005435619
0.013615300995578361,-0.00058014056
-0.011952384734500105,-0.0006706441
-0.00751109989365763,-0.0005526019
0.0020103558153184275,-0.0005576142
0.014332847232582262,-0.0005554959
0.0020512618063807282,-0.0006011164
0.0016545038904777747,-0.0005938359
0.002807182578153985,-0.00062591245
-0.031936685698732536,-0.0006534254
0.04018191667387878,-0.00056838494
-0.026054893808052575,-0.0005518858
-0.007012915742153947,-0.0007056503
0.020643784974333813,-0.00065399235
-0.0010847780204546603,-0.0006511575
0.0039450928244262355,-0.00064160844
0.031242482156709966,-0.00063957926
-0.05984101736703669,-0.00060666626
-0.013267516813625188,-0.0004189577
0.008044224111540092,-0.00040619174
0.017014469576281905,-0.0005562119
0.018023508642148425,-0.00043062033
0.0012700955667365298,-0.0004813603
-0.012476240240779469,-0.0004053566
0.009474116025288385,-0.0006820141
-0.007578044504338462,-0.0006892959
-0.01086372145276561,-0.00077758054
0.01536515066167823,-0.000632149
-0.002899411170434933,-0.00077713275
0.019085393248404556,-0.0007616714
-0.023844525425538263,-0.0008608354
-0.017503890242469705,-0.0007971019
0.03784794490765209,-0.00083504256
-0.016927034456327733,-0.00074767304
-0.008034308177147615,-0.0006448312
0.0269153821123345,-0.0005561821
-0.07770033081870682,-0.00060239935
0.053784664950185315,-0.00024807645
0.0012291637788584158,-0.00036213992
0.01813490742815082,-0.00042280543
-0.0059490815050922425,-0.00028033962
0.001871177123334752,3.7311114e-05
0.00701076382676628,-0.00039688597
-0.030773286224590156,-0.00020040116
0.0017040309200499378,-0.00036765737
0.016309369953654236,-0.00014289275
-0.012555030786637021,-0.00048458204
0.038636270191249364,-0.00024312685
-0.032495293484806495,-0.0006102469
-0.007463153380387788,-0.00028579653
0.0065435776057677,-0.0005270933
0.003793384857313726,-0.0006041002
-0.010736517464140241,-0.0006329248
0.02474466655231837,-0.00054383033
-0.03565273480963397,-0.00059132953
0.012813089639367423,-0.00058425806
0.021119203407299617,-0.00059520843
-0.01228934440462862,-0.0006501727
0.00011915110785716337,-0.00048589462
-0.01632853184190643,-0.0005215741
0.011640318053822419,-0.0005440094
-0.0010610241826983923,-0.0006524406
-0.007398427137190374,-0.00070770964
0.004689659820776136,-0.0006249875
0.02899454551721861,-0.00066575
-0.009999146939492248,-0.0006707336
-0.00433557937535514,-0.00072125916
-0.014091453854907102,-0.0006911462
-0.0052301493976513215,-0.00080602715
0.0039400328485404605,-0.0007894306
0.006725208771503848,-0.0007850427
0.0006040591840354619,-0.00082137046
-0.006756442446085156,-0.0008466551
0.002599040905496808,-0.00082823634
0.010873020439505266,-0.0009338329
-0.010763099966479409,-0.0008751057
0.0013346594185307016,-0.0008964819
-0.0006127411234584375,-0.0008553722
-0.007689010460315993,-0.0009144853
0.006910164416960685,-0.0009031398
-0.005898904827858247,-0.0009682903
-0.00609600767238948,-0.0009181577
0.01989374635664596,-0.00091875484
-0.00015358104825083374,-0.0008588352
-0.01065820109377806,-0.0008845697
-0.010655117748437025,-0.00079611683
0.004135038326151429,-0.0008368635
0.0017065341046177303,-0.0008444759
0.0014158196457081038,-0.0008362963
0.019631608519122296,-0.00084862544
-0.0030481268306449478,-0.00085119274
-0.025911503006563752,-0.0008713738
0.01832467085758794,-0.00076779025
0.02086193245491033,-0.000821251
-0.01810956782264138,-0.0008578501
0.015445805449336464,-0.0007306009
-0.027844232422415578,-0.0007125742
0.00714414681924651,-0.0008111316
0.0024823634216309637,-0.000807251
-0.005781786395908541,-0.00078766944
0.011221197924172567,-0.0006664065
0.01428028372398665,-0.0006513663
-0.016263862518956583,-0.0007042775
0.004875399282216829,-0.0006525003
-0.016138478476414017,-0.0006835959
0.005508352926718384,-0.0006922504
0.008493265713596758,-0.0007318843
-0.01744984243404849,-0.00069123576
0.008625771658162175,-0.0006704949
0.014747348856309116,-0.00070848555
-0.01683673590166842,-0.0007888634
-0.004873801547076359,-0.00070911227
0.021923605341572543,-0.00069986057
-0.00896885176206574,-0.0007394055
0.010189162441093361,-0.0006664364
-0.010001933515696313,-0.00068834086
-0.01473513760377498,-0.0007419723
0.02135392744648781,-0.0007246915
-0.004614923112401958,-0.0006949364
-0.02337686928889804,-0.00076095504
0.046387298623295437,-0.00059813255
-0.026228251790088773,-0.0006049655
-0.008306744387896524,-0.0006038018
0.0005819967884385154,-0.00053482037
-0.001758153892331745,-0.00058202026
0.017458860589085936,-0.00058807724
0.0027309288366893485,-0.00050245126
-0.011717209109711278,-0.000626927
-0.0016854210296938983,-0.0005871224
0.0068891135759136845,-0.0006508889
0.002940676449748726,-0.00068159634
-0.009369181980269713,-0.0007214979
0.003925787353543095,-0.0007253481
-0.006605162422174611,-0.00074027106
0.003669935922741518,-0.0008965119
-0.005923785210024852,-0.00089657155
0.008362741513401021,-0.0009069316
-0.001158653891405784,-0.00087519526
0.006452637726368957,-0.0008970492
-0.005806216382217252,-0.0008616116
5.716055865938796e-05,-0.00089334714
-0.01311845195092046,-0.0009029308
0.007238314902006993,-0.0008559096
0.002072671456715691,-0.00086119364
-0.01838709444353025,-0.000865821
0.026309204274675434,-0.0007898485
-0.014559706930326419,-0.0007685663
-0.004194103230507104,-0.0007961766
0.016834911471267058,-0.0007680291
-0.0026167030245914684,-0.0007371969
-0.01468369835192545,-0.00070341205
0.02199092549567666,-0.00067377754
-0.009447327458235993,-0.00066178106
-0.0007262447726338443,-0.0007174092
0.005634860603578199,-0.00066879386
-0.011536244389827442,-0.00067935814
0.014536797375065328,-0.0006513067
-0.014892651593130218,-0.0006536642
0.011831410855939584,-0.0006453385
-0.01579814221348664,-0.0007109627
0.0089516714407723,-0.000707829
0.002397811838999652,-0.0007184836
-0.013279093631084832,-0.00071439485
0.012810781069305421,-0.00064196653
-0.0056887779912737175,-0.0006490984
0.0019109787953789682,-0.00070827664
0.016414055467140466,-0.00073412276
-0.0041528921226456055,-0.0007123654
0.007912191494839066,-0.00069541385
-0.014914603557401524,-0.00072848186
-0.0015099566185638373,-0.0007056503
0.008788725239256586,-0.0007991914
-0.008462055220276427,-0.0007928931
-0.0016924046391792883,-0.0007677305
0.009866264132919689,-0.00080683315
-0.01667298041707098,-0.0008122659
0.005106523778310118,-0.000781819
0.014828725418984822,-0.0007924453
-0.02143442492579383,-0.00084137125
-0.005383126651422454,-0.0007119177
0.015152547681009688,-0.00072418404
-0.010087816535082686,-0.0008075794
0.0007406451500516966,-0.00072418404
0.018525632803558838,-0.0007577912
0.010410784694556762,-0.000749434
-0.042667493861773764,-0.00078868435
0.03007420252539277,-0.0006099187
-0.009501822255511912,-0.0006969358
0.027902462936879903,-0.0006852074
-0.026537666377694502,-0.0006742848
0.0027406831731682964,-0.0005733079
-0.0012400118460235091,-0.00071138045
-0.007029589729455649,-0.00066446676
0.006408074872253652,-0.00064298103
-0.007050975457391063,-0.0005469929
0.01143780960445999,-0.000668585
0.014537711306240427,-0.0005720846
-0.03357696390081172,-0.000743972
0.033059431445776596,-0.00050877576
-0.012904239430177798,-0.00060275744
-0.008192563655414516,-0.00066515314
-0.021492203908380855,-0.00055633124
0.016603404692749384,-0.00054022035
0.029265954505523002,-0.00067419535
-0.020319366926769087,-0.0006433391
0.007884172710629451,-0.00059195614
-0.013537741602820846,-0.0005516173
0.008744500361357434,-0.0006645265
-0.0031007384301633438,-0.0005625669
-0.005350389464490052,-0.0007164243
0.027791490677929215,-0.0005372071
-0.016520217452841934,-0.00065888633
-0.02052007310817649,-0.00064506993
0.025004712891055995,-0.00073307817
-0.007642150215527372,-0.00064787496
-0.01414152473990359,-0.0007012931
0.009367525642009333,-0.0006072332
-0.015194845401824234,-0.0005570473
0.021916222447271108,-0.00063558057
-0.012157231297975643,-0.0005850935
-0.0006246972684094973,-0.0006184228
0.005484118938454351,-0.00059828174
-0.004140252701502327,-0.0006119477
-0.005960735144127736,-0.0005865854
0.0020326619560172114,-0.0006357298
0.018821200969158198,-0.00070944056
-0.005830841550730676,-0.00072018476
0.013842737921550712,-0.00075632875
-0.022465960942503135,-0.0008022062
0.003434111146571917,-0.00078993797
0.010620720743116372,-0.0007917887
-0.01440322897494151,-0.0008470731
0.0074897915539361894,-0.0007312276
-0.003181542825472011,-0.00080563914
-0.01649575786951772,-0.00082501234
0.027860658860422553,-0.0007577315
-0.007843223750302001,-0.00071090297
0.0077208739785908295,-0.0007183642
0.0010221399010632102,-0.0006686148
-0.007135638415184697,-0.0006598413
-0.0073415918156578535,-0.000694996
0.010044062337423743,-0.00069997995
-0.006850861362248384,-0.00076555164
0.011503359956212628,-0.00075913436
-0.0067962478019065855,-0.00074841914
0.006902763782262512,-0.00076444726
-0.011972929842088567,-0.00081495254
0.013903174562255732,-0.00073916675
-0.01938137509991817,-0.00077244657
0.007387646886229894,-0.0007047848
-0.011348797415833927,-0.0008202063
0.038853324668130934,-0.00076444726
-0.044495444795523656,-0.0007307203
0.018208113497437874,-0.0005980132
-0.0010726995525662155,-0.000572204
-0.003235071780279243,-0.00066106487
0.007740940278882358,-0.00048237457
0.009850793859989992,-0.00049287523
-0.020194610155083156,-0.0005835121
0.0047950569484614194,-0.0005172781
0.005088960448297086,-0.0005758739
0.01060573104509821,-0.00065106794
-0.03303582878369633,-0.0006041002
0.008184606049571497,-0.0005325231
0.00915787558579162,-0.00063722185
-0.014570105133314663,-0.00071036577
0.014666442677818832,-0.0006285383
0.0100309059500507,-0.00065781205
-0.020215058402559244,-0.00076698436
0.0023991434170314027,-0.0006176171
0.00455327697645992,-0.0006766126
0.008250005648325086,-0.00071606616
-0.0027801140345615726,-0.0006904896
-0.004258835490396962,-0.0006882215
-0.03334208326130639,-0.00075558247
0.018355218711918066,-0.0006804325
0.016773186316566314,-0.0007396443
-0.0056617423782275265,-0.0008064152
0.004007056100055617,-0.00066903257
0.01296175503707036,-0.000670853
-0.01936890849857469,-0.0008463268
-0.0036583503941471,-0.0006793283
0.021368267818948603,-0.0008336693
-0.0021211516345168314,-0.0007388086
-0.01966572484600665,-0.00075432897
0.012205668441170237,-0.00059094164
0.00849158881373682,-0.0007962363
-0.026169304056345,-0.0007320037
0.02683090228737907,-0.0006474273
-0.0028635090694144405,-0.000660647
-0.02251402194881374,-0.00068407337
0.015799633893645332,-0.0005517367
-0.00375212958642128,-0.00057906646
